Pre_test,Post_test,Nine_month_post_test
Failed,Failed,Passed
Failed,Failed,Failed
Failed,Failed,Failed
Failed,Passed,Failed
Failed,Failed,Failed
Failed,Failed,Failed
Failed,Failed,Failed
Failed,Failed,Failed
Failed,Passed,Passed
Failed,Failed,Failed
Failed,Failed,Failed
Failed,Failed,Failed
Failed,Passed,Failed
Failed,Failed,Failed
Failed,Failed,Failed
Failed,Failed,Failed
Failed,Failed,Failed
Failed,Failed,Failed
Failed,Failed,Failed
Failed,Passed,Passed
Failed,Failed,Passed
Failed,Failed,Passed
Failed,Failed,Passed
Failed,Failed,Passed
Failed,Failed,Failed
Failed,Failed,Passed
Failed,Failed,Passed
Failed,Failed,Passed
Failed,Failed,Passed
Failed,Failed,Passed
Failed,Failed,Failed
Failed,Failed,Failed
Failed,Failed,Failed
Failed,Failed,Failed
Failed,Passed,Passed
Failed,Passed,Passed
Failed,Passed,Passed
Failed,Passed,Passed
Failed,Passed,Passed
Failed,Passed,Passed
Failed,Passed,Passed
Failed,Passed,Passed
Failed,Passed,Passed
Failed,Passed,Passed
Failed,Passed,Passed
Failed,Passed,Passed
Failed,Passed,Passed
Failed,Passed,Passed
Failed,Passed,Passed
Failed,Failed,Failed
Failed,Failed,Passed
Failed,Failed,Passed
Passed,Failed,Passed
Passed,Failed,Passed
Passed,Passed,Failed
Passed,Passed,Failed
Passed,Passed,Passed
Passed,Passed,Passed
Passed,Passed,Passed
Passed,Passed,Passed
Passed,Passed,Passed
Passed,Passed,Passed
Passed,Passed,Passed
